1,577566797,aaaaaa,Tiffany,tiffanyelliott@outlook.com,2505556677
2,655081867,bbbbbb,Ning,ning@email.com,2509897766
3,333444,ccccccc,Sarah,sarah@gmail.ca,6045657878
4,444555666,ddddddd,Bobby,boby123@hotmail.ca,6043437654
5,345234765,eeeeeee,Fred,fredfredfred@gmail.com,6045567789
6,678543456,fffffffff,Jack,J9080@outlook.com,2502334455
7,948675234,ggggggggg,Alice,alice_h@live.ca,2509998856
8,120945687,hhhhhh,Anna,anna88@hotmail.ca,2502324455
9,938109034,iiiiiii,Barb,barbara@email.com,2501234343
10,352312876,jjjjjjj,Terrence,terrence10@hotmail.com,2509890099
11,484646463,kkkkkkk,Olga,olgad@gmail.com,6043335656
12,565678908,llllllllll,Henry,HR990@hotmail.com,2504445522
13,464623136,mmmmmm,Pete,peteypete@live.com,6044445511
14,395868686,nnnnn,Rohn,rohndas@gmail.com,6042223334
15,400099878,ooooo,Wanda,wandar@live.ca,6041112278
16,333333333,ggggsfs,Rory,rorysmith@live.com,2509496666
17,190909090,ppppppp,Aidan,aidanaidan@yahoo.ca,2505658989
18,343434,qqqqqqq,Raheel,raheelYang@acm.org,2506166556
19,232344344,rrrrrrrrrr,Kiara,KiaraRyan@gmail.com,2509490123
20,123456789,ssss,Aine Yoder,aine1998@yahoo.com,2501745869
